peset1	/dfs7/jje/jenyuw/Non_melanogaster/filtered/rnaseq/ERR15566719_1.filtered.fastq.gz
peset1	/dfs7/jje/jenyuw/Non_melanogaster/filtered/rnaseq/ERR15566719_2.filtered.fastq.gz
peset10	/dfs7/jje/jenyuw/Non_melanogaster/filtered/rnaseq/ERR15566726_1.filtered.fastq.gz
peset10	/dfs7/jje/jenyuw/Non_melanogaster/filtered/rnaseq/ERR15566726_2.filtered.fastq.gz
peset11	/dfs7/jje/jenyuw/Non_melanogaster/filtered/rnaseq/ERR15566731_1.filtered.fastq.gz
peset11	/dfs7/jje/jenyuw/Non_melanogaster/filtered/rnaseq/ERR15566731_2.filtered.fastq.gz
peset12	/dfs7/jje/jenyuw/Non_melanogaster/filtered/rnaseq/ERR15566737_1.filtered.fastq.gz
peset12	/dfs7/jje/jenyuw/Non_melanogaster/filtered/rnaseq/ERR15566737_2.filtered.fastq.gz
peset13	/dfs7/jje/jenyuw/Non_melanogaster/filtered/rnaseq/ERR15566738_1.filtered.fastq.gz
peset13	/dfs7/jje/jenyuw/Non_melanogaster/filtered/rnaseq/ERR15566738_2.filtered.fastq.gz
peset14	/dfs7/jje/jenyuw/Non_melanogaster/filtered/rnaseq/ERR15566739_1.filtered.fastq.gz
peset14	/dfs7/jje/jenyuw/Non_melanogaster/filtered/rnaseq/ERR15566739_2.filtered.fastq.gz
peset15	/dfs7/jje/jenyuw/Non_melanogaster/filtered/rnaseq/ERR15566740_1.filtered.fastq.gz
peset15	/dfs7/jje/jenyuw/Non_melanogaster/filtered/rnaseq/ERR15566740_2.filtered.fastq.gz
peset16	/dfs7/jje/jenyuw/Non_melanogaster/filtered/rnaseq/SRR18151013_1.filtered.fastq.gz
peset16	/dfs7/jje/jenyuw/Non_melanogaster/filtered/rnaseq/SRR18151013_2.filtered.fastq.gz
peset17	/dfs7/jje/jenyuw/Non_melanogaster/filtered/rnaseq/SRR18151014_1.filtered.fastq.gz
peset17	/dfs7/jje/jenyuw/Non_melanogaster/filtered/rnaseq/SRR18151014_2.filtered.fastq.gz
peset18	/dfs7/jje/jenyuw/Non_melanogaster/filtered/rnaseq/SRR23592632_1.filtered.fastq.gz
peset18	/dfs7/jje/jenyuw/Non_melanogaster/filtered/rnaseq/SRR23592632_2.filtered.fastq.gz
peset19	/dfs7/jje/jenyuw/Non_melanogaster/filtered/rnaseq/SRR23592633_1.filtered.fastq.gz
peset19	/dfs7/jje/jenyuw/Non_melanogaster/filtered/rnaseq/SRR23592633_2.filtered.fastq.gz
peset2	/dfs7/jje/jenyuw/Non_melanogaster/filtered/rnaseq/SRR29261110_1.filtered.fastq.gz
peset2	/dfs7/jje/jenyuw/Non_melanogaster/filtered/rnaseq/SRR29261110_2.filtered.fastq.gz
peset20	/dfs7/jje/jenyuw/Non_melanogaster/filtered/rnaseq/SRR4416168_1.filtered.fastq.gz
peset20	/dfs7/jje/jenyuw/Non_melanogaster/filtered/rnaseq/SRR4416168_2.filtered.fastq.gz
peset21	/dfs7/jje/jenyuw/Non_melanogaster/filtered/rnaseq/SRR4416179_1.filtered.fastq.gz
peset21	/dfs7/jje/jenyuw/Non_melanogaster/filtered/rnaseq/SRR4416179_2.filtered.fastq.gz
peset22	/dfs7/jje/jenyuw/Non_melanogaster/filtered/rnaseq/SRR6968195_1.filtered.fastq.gz
peset22	/dfs7/jje/jenyuw/Non_melanogaster/filtered/rnaseq/SRR6968195_2.filtered.fastq.gz
peset23	/dfs7/jje/jenyuw/Non_melanogaster/filtered/rnaseq/SRR6968196_1.filtered.fastq.gz
peset23	/dfs7/jje/jenyuw/Non_melanogaster/filtered/rnaseq/SRR6968196_2.filtered.fastq.gz
peset24	/dfs7/jje/jenyuw/Non_melanogaster/filtered/rnaseq/SRR6968197_1.filtered.fastq.gz
peset24	/dfs7/jje/jenyuw/Non_melanogaster/filtered/rnaseq/SRR6968197_2.filtered.fastq.gz
peset25	/dfs7/jje/jenyuw/Non_melanogaster/filtered/rnaseq/SRR6968198_1.filtered.fastq.gz
peset25	/dfs7/jje/jenyuw/Non_melanogaster/filtered/rnaseq/SRR6968198_2.filtered.fastq.gz
peset3	/dfs7/jje/jenyuw/Non_melanogaster/filtered/rnaseq/SRR6968199_1.filtered.fastq.gz
peset3	/dfs7/jje/jenyuw/Non_melanogaster/filtered/rnaseq/SRR6968199_2.filtered.fastq.gz
peset4	/dfs7/jje/jenyuw/Non_melanogaster/filtered/rnaseq/SRR6968207_1.filtered.fastq.gz
peset4	/dfs7/jje/jenyuw/Non_melanogaster/filtered/rnaseq/SRR6968207_2.filtered.fastq.gz
peset5	/dfs7/jje/jenyuw/Non_melanogaster/filtered/rnaseq/SRR6968208_1.filtered.fastq.gz
peset5	/dfs7/jje/jenyuw/Non_melanogaster/filtered/rnaseq/SRR6968208_2.filtered.fastq.gz
peset6	/dfs7/jje/jenyuw/Non_melanogaster/filtered/rnaseq/SRR6968209_1.filtered.fastq.gz
peset6	/dfs7/jje/jenyuw/Non_melanogaster/filtered/rnaseq/SRR6968209_2.filtered.fastq.gz
peset7	/dfs7/jje/jenyuw/Non_melanogaster/filtered/rnaseq/SRR6968210_1.filtered.fastq.gz
peset7	/dfs7/jje/jenyuw/Non_melanogaster/filtered/rnaseq/SRR6968210_2.filtered.fastq.gz
peset8	/dfs7/jje/jenyuw/Non_melanogaster/filtered/rnaseq/SRR6968211_1.filtered.fastq.gz
peset8	/dfs7/jje/jenyuw/Non_melanogaster/filtered/rnaseq/SRR6968211_2.filtered.fastq.gz
peset9	/dfs7/jje/jenyuw/Non_melanogaster/filtered/rnaseq/SRR6968212_1.filtered.fastq.gz
peset9	/dfs7/jje/jenyuw/Non_melanogaster/filtered/rnaseq/SRR6968212_2.filtered.fastq.gz